{"cameraMode":{"drawMode":0,"name":"Shaded","section":"Shading Mode"},"sceneLighting":false,"audioPlay":false,"sceneViewState":{"m_AlwaysRefresh":false,"showFog":false,"showSkybox":false,"showFlares":false,"showImageEffects":false,"showParticleSystems":false,"showVisualEffectGraphs":true,"m_FxEnabled":true},"in2DMode":false,"pivot":{"x":0.43243008852005007,"y":0.7663815021514893,"z":-0.382957398891449},"rotation":{"x":-0.013115208595991135,"y":-0.9868485331535339,"z":0.1093929335474968,"w":-0.11838307231664658},"size":1.0042115449905396,"orthographic":false}