{"cameraMode":{"drawMode":0,"name":"Shaded","section":"Shading Mode"},"sceneLighting":false,"audioPlay":false,"sceneViewState":{"m_AlwaysRefresh":false,"showFog":true,"showSkybox":false,"showFlares":true,"showImageEffects":true,"showParticleSystems":true,"showVisualEffectGraphs":true,"m_FxEnabled":true},"in2DMode":false,"pivot":{"x":0.2523152232170105,"y":-0.7998225688934326,"z":-0.7101277112960815},"rotation":{"x":0.13088084757328034,"y":-0.8520750403404236,"z":0.25435855984687807,"w":0.43840083479881289},"size":2.650195598602295,"orthographic":false}